{
  "square_feet": 0.9712952004539493,
  "bedrooms": 0.012907301862158558,
  "bathrooms": 0.008930907311308188,
  "age": 0.003361175921467492,
  "location_score": 0.0035054144511164347
}